id,link,date
1,https://stat.taucetistation.org/json/2022/02/27/round-49268/stat.json,2022-02-27
2,https://stat.taucetistation.org/json/2022/02/27/round-49269/stat.json,2022-02-27
3,https://stat.taucetistation.org/json/2022/02/27/round-49270/stat.json,2022-02-27
4,https://stat.taucetistation.org/json/2022/02/27/round-49272/stat.json,2022-02-27
5,https://stat.taucetistation.org/json/2022/02/27/round-49275/stat.json,2022-02-27
6,https://stat.taucetistation.org/json/2022/02/27/round-49280/stat.json,2022-02-27
7,https://stat.taucetistation.org/json/2022/02/27/round-49281/stat.json,2022-02-27
8,https://stat.taucetistation.org/json/2022/02/27/round-49282/stat.json,2022-02-27
9,https://stat.taucetistation.org/json/2022/02/27/round-49283/stat.json,2022-02-27
10,https://stat.taucetistation.org/json/2022/02/27/round-49284/stat.json,2022-02-27
11,https://stat.taucetistation.org/json/2022/02/27/round-49285/stat.json,2022-02-27
12,https://stat.taucetistation.org/json/2022/02/27/round-49286/stat.json,2022-02-27
13,https://stat.taucetistation.org/json/2022/02/27/round-49287/stat.json,2022-02-27
14,https://stat.taucetistation.org/json/2022/02/27/round-49288/stat.json,2022-02-27
15,https://stat.taucetistation.org/json/2022/02/27/round-49289/stat.json,2022-02-27
16,https://stat.taucetistation.org/json/2022/02/27/round-49290/stat.json,2022-02-27
17,https://stat.taucetistation.org/json/2022/02/27/round-49291/stat.json,2022-02-27
18,https://stat.taucetistation.org/json/2022/02/27/round-49292/stat.json,2022-02-27
19,https://stat.taucetistation.org/json/2022/02/27/round-49293/stat.json,2022-02-27
20,https://stat.taucetistation.org/json/2022/02/27/round-49294/stat.json,2022-02-27
21,https://stat.taucetistation.org/json/2022/02/27/round-49295/stat.json,2022-02-27
22,https://stat.taucetistation.org/json/2022/02/27/round-49296/stat.json,2022-02-27
23,https://stat.taucetistation.org/json/2022/02/27/round-49297/stat.json,2022-02-27
24,https://stat.taucetistation.org/json/2022/02/27/round-49298/stat.json,2022-02-27
25,https://stat.taucetistation.org/json/2022/02/27/round-49299/stat.json,2022-02-27
26,https://stat.taucetistation.org/json/2022/02/27/round-49300/stat.json,2022-02-27
27,https://stat.taucetistation.org/json/2022/02/28/round-49301/stat.json,2022-02-28
28,https://stat.taucetistation.org/json/2022/02/28/round-49302/stat.json,2022-02-28
29,https://stat.taucetistation.org/json/2022/02/28/round-49304/stat.json,2022-02-28
30,https://stat.taucetistation.org/json/2022/02/28/round-49305/stat.json,2022-02-28
31,https://stat.taucetistation.org/json/2022/02/28/round-49306/stat.json,2022-02-28
32,https://stat.taucetistation.org/json/2022/02/28/round-49307/stat.json,2022-02-28
33,https://stat.taucetistation.org/json/2022/02/28/round-49308/stat.json,2022-02-28
34,https://stat.taucetistation.org/json/2022/02/28/round-49309/stat.json,2022-02-28
35,https://stat.taucetistation.org/json/2022/02/28/round-49310/stat.json,2022-02-28
36,https://stat.taucetistation.org/json/2022/02/28/round-49311/stat.json,2022-02-28
37,https://stat.taucetistation.org/json/2022/02/28/round-49312/stat.json,2022-02-28
38,https://stat.taucetistation.org/json/2022/02/28/round-49313/stat.json,2022-02-28
39,https://stat.taucetistation.org/json/2022/02/28/round-49314/stat.json,2022-02-28
40,https://stat.taucetistation.org/json/2022/02/28/round-49315/stat.json,2022-02-28
41,https://stat.taucetistation.org/json/2022/02/28/round-49316/stat.json,2022-02-28
42,https://stat.taucetistation.org/json/2022/02/28/round-49317/stat.json,2022-02-28
43,https://stat.taucetistation.org/json/2022/02/28/round-49319/stat.json,2022-02-28
44,https://stat.taucetistation.org/json/2022/02/28/round-49322/stat.json,2022-02-28
45,https://stat.taucetistation.org/json/2022/02/28/round-49324/stat.json,2022-02-28
46,https://stat.taucetistation.org/json/2022/03/01/round-49327/stat.json,2022-03-01
47,https://stat.taucetistation.org/json/2022/03/01/round-49328/stat.json,2022-03-01
48,https://stat.taucetistation.org/json/2022/03/01/round-49331/stat.json,2022-03-01
49,https://stat.taucetistation.org/json/2022/03/01/round-49339/stat.json,2022-03-01
50,https://stat.taucetistation.org/json/2022/03/01/round-49342/stat.json,2022-03-01
51,https://stat.taucetistation.org/json/2022/03/01/round-49343/stat.json,2022-03-01
52,https://stat.taucetistation.org/json/2022/03/01/round-49344/stat.json,2022-03-01
53,https://stat.taucetistation.org/json/2022/03/01/round-49345/stat.json,2022-03-01
54,https://stat.taucetistation.org/json/2022/03/01/round-49346/stat.json,2022-03-01
55,https://stat.taucetistation.org/json/2022/03/01/round-49347/stat.json,2022-03-01
56,https://stat.taucetistation.org/json/2022/03/01/round-49348/stat.json,2022-03-01
57,https://stat.taucetistation.org/json/2022/03/01/round-49349/stat.json,2022-03-01
58,https://stat.taucetistation.org/json/2022/03/01/round-49351/stat.json,2022-03-01
59,https://stat.taucetistation.org/json/2022/03/01/round-49353/stat.json,2022-03-01
60,https://stat.taucetistation.org/json/2022/03/01/round-49354/stat.json,2022-03-01
61,https://stat.taucetistation.org/json/2022/03/01/round-49355/stat.json,2022-03-01
62,https://stat.taucetistation.org/json/2022/03/02/round-49356/stat.json,2022-03-02
63,https://stat.taucetistation.org/json/2022/03/02/round-49357/stat.json,2022-03-02
64,https://stat.taucetistation.org/json/2022/03/02/round-49358/stat.json,2022-03-02
65,https://stat.taucetistation.org/json/2022/03/02/round-49360/stat.json,2022-03-02
66,https://stat.taucetistation.org/json/2022/03/02/round-49361/stat.json,2022-03-02
67,https://stat.taucetistation.org/json/2022/03/02/round-49362/stat.json,2022-03-02
68,https://stat.taucetistation.org/json/2022/03/02/round-49363/stat.json,2022-03-02
69,https://stat.taucetistation.org/json/2022/03/02/round-49364/stat.json,2022-03-02
70,https://stat.taucetistation.org/json/2022/03/02/round-49365/stat.json,2022-03-02
71,https://stat.taucetistation.org/json/2022/03/02/round-49366/stat.json,2022-03-02
72,https://stat.taucetistation.org/json/2022/03/02/round-49368/stat.json,2022-03-02
73,https://stat.taucetistation.org/json/2022/03/02/round-49369/stat.json,2022-03-02
74,https://stat.taucetistation.org/json/2022/03/02/round-49370/stat.json,2022-03-02
75,https://stat.taucetistation.org/json/2022/03/02/round-49371/stat.json,2022-03-02
76,https://stat.taucetistation.org/json/2022/03/02/round-49372/stat.json,2022-03-02
77,https://stat.taucetistation.org/json/2022/03/02/round-49373/stat.json,2022-03-02
78,https://stat.taucetistation.org/json/2022/03/02/round-49374/stat.json,2022-03-02
79,https://stat.taucetistation.org/json/2022/03/02/round-49375/stat.json,2022-03-02
80,https://stat.taucetistation.org/json/2022/03/02/round-49378/stat.json,2022-03-02
81,https://stat.taucetistation.org/json/2022/03/03/round-49379/stat.json,2022-03-03
82,https://stat.taucetistation.org/json/2022/03/03/round-49380/stat.json,2022-03-03
83,https://stat.taucetistation.org/json/2022/03/03/round-49381/stat.json,2022-03-03
84,https://stat.taucetistation.org/json/2022/03/03/round-49383/stat.json,2022-03-03
85,https://stat.taucetistation.org/json/2022/03/03/round-49384/stat.json,2022-03-03
86,https://stat.taucetistation.org/json/2022/03/03/round-49385/stat.json,2022-03-03
87,https://stat.taucetistation.org/json/2022/03/03/round-49386/stat.json,2022-03-03
88,https://stat.taucetistation.org/json/2022/03/03/round-49387/stat.json,2022-03-03
89,https://stat.taucetistation.org/json/2022/03/03/round-49388/stat.json,2022-03-03
90,https://stat.taucetistation.org/json/2022/03/03/round-49389/stat.json,2022-03-03
91,https://stat.taucetistation.org/json/2022/03/03/round-49390/stat.json,2022-03-03
92,https://stat.taucetistation.org/json/2022/03/03/round-49392/stat.json,2022-03-03
93,https://stat.taucetistation.org/json/2022/03/03/round-49393/stat.json,2022-03-03
94,https://stat.taucetistation.org/json/2022/03/03/round-49394/stat.json,2022-03-03
95,https://stat.taucetistation.org/json/2022/03/03/round-49395/stat.json,2022-03-03
96,https://stat.taucetistation.org/json/2022/03/03/round-49397/stat.json,2022-03-03
97,https://stat.taucetistation.org/json/2022/03/03/round-49398/stat.json,2022-03-03
98,https://stat.taucetistation.org/json/2022/03/03/round-49399/stat.json,2022-03-03
99,https://stat.taucetistation.org/json/2022/03/03/round-49400/stat.json,2022-03-03
100,https://stat.taucetistation.org/json/2022/03/04/round-49402/stat.json,2022-03-04
101,https://stat.taucetistation.org/json/2022/03/04/round-49404/stat.json,2022-03-04
102,https://stat.taucetistation.org/json/2022/03/04/round-49405/stat.json,2022-03-04
103,https://stat.taucetistation.org/json/2022/03/04/round-49406/stat.json,2022-03-04
104,https://stat.taucetistation.org/json/2022/03/04/round-49407/stat.json,2022-03-04
105,https://stat.taucetistation.org/json/2022/03/04/round-49408/stat.json,2022-03-04
106,https://stat.taucetistation.org/json/2022/03/04/round-49410/stat.json,2022-03-04
107,https://stat.taucetistation.org/json/2022/03/04/round-49411/stat.json,2022-03-04
108,https://stat.taucetistation.org/json/2022/03/04/round-49412/stat.json,2022-03-04
109,https://stat.taucetistation.org/json/2022/03/04/round-49413/stat.json,2022-03-04
110,https://stat.taucetistation.org/json/2022/03/04/round-49415/stat.json,2022-03-04
111,https://stat.taucetistation.org/json/2022/03/04/round-49416/stat.json,2022-03-04
112,https://stat.taucetistation.org/json/2022/03/04/round-49417/stat.json,2022-03-04
113,https://stat.taucetistation.org/json/2022/03/04/round-49418/stat.json,2022-03-04
114,https://stat.taucetistation.org/json/2022/03/04/round-49419/stat.json,2022-03-04
115,https://stat.taucetistation.org/json/2022/03/04/round-49420/stat.json,2022-03-04
116,https://stat.taucetistation.org/json/2022/03/04/round-49421/stat.json,2022-03-04
117,https://stat.taucetistation.org/json/2022/03/05/round-49424/stat.json,2022-03-05
118,https://stat.taucetistation.org/json/2022/03/05/round-49426/stat.json,2022-03-05
119,https://stat.taucetistation.org/json/2022/03/05/round-49427/stat.json,2022-03-05
120,https://stat.taucetistation.org/json/2022/03/05/round-49428/stat.json,2022-03-05
121,https://stat.taucetistation.org/json/2022/03/05/round-49429/stat.json,2022-03-05
122,https://stat.taucetistation.org/json/2022/03/05/round-49430/stat.json,2022-03-05
123,https://stat.taucetistation.org/json/2022/03/05/round-49431/stat.json,2022-03-05
124,https://stat.taucetistation.org/json/2022/03/05/round-49433/stat.json,2022-03-05
125,https://stat.taucetistation.org/json/2022/03/05/round-49434/stat.json,2022-03-05
126,https://stat.taucetistation.org/json/2022/03/05/round-49435/stat.json,2022-03-05
127,https://stat.taucetistation.org/json/2022/03/05/round-49436/stat.json,2022-03-05
128,https://stat.taucetistation.org/json/2022/03/05/round-49437/stat.json,2022-03-05
129,https://stat.taucetistation.org/json/2022/03/05/round-49438/stat.json,2022-03-05
130,https://stat.taucetistation.org/json/2022/03/05/round-49439/stat.json,2022-03-05
131,https://stat.taucetistation.org/json/2022/03/05/round-49440/stat.json,2022-03-05
132,https://stat.taucetistation.org/json/2022/03/05/round-49441/stat.json,2022-03-05
133,https://stat.taucetistation.org/json/2022/03/05/round-49442/stat.json,2022-03-05
134,https://stat.taucetistation.org/json/2022/03/05/round-49443/stat.json,2022-03-05
135,https://stat.taucetistation.org/json/2022/03/05/round-49444/stat.json,2022-03-05
136,https://stat.taucetistation.org/json/2022/03/05/round-49445/stat.json,2022-03-05
137,https://stat.taucetistation.org/json/2022/03/05/round-49446/stat.json,2022-03-05
138,https://stat.taucetistation.org/json/2022/03/06/round-49447/stat.json,2022-03-06
139,https://stat.taucetistation.org/json/2022/03/06/round-49448/stat.json,2022-03-06
140,https://stat.taucetistation.org/json/2022/03/06/round-49450/stat.json,2022-03-06
141,https://stat.taucetistation.org/json/2022/03/06/round-49451/stat.json,2022-03-06
142,https://stat.taucetistation.org/json/2022/03/06/round-49452/stat.json,2022-03-06
143,https://stat.taucetistation.org/json/2022/03/06/round-49453/stat.json,2022-03-06
144,https://stat.taucetistation.org/json/2022/03/06/round-49454/stat.json,2022-03-06
145,https://stat.taucetistation.org/json/2022/03/06/round-49455/stat.json,2022-03-06
146,https://stat.taucetistation.org/json/2022/03/06/round-49456/stat.json,2022-03-06
147,https://stat.taucetistation.org/json/2022/03/06/round-49458/stat.json,2022-03-06
148,https://stat.taucetistation.org/json/2022/03/06/round-49459/stat.json,2022-03-06
149,https://stat.taucetistation.org/json/2022/03/06/round-49460/stat.json,2022-03-06
150,https://stat.taucetistation.org/json/2022/03/06/round-49461/stat.json,2022-03-06
151,https://stat.taucetistation.org/json/2022/03/06/round-49462/stat.json,2022-03-06
152,https://stat.taucetistation.org/json/2022/03/06/round-49463/stat.json,2022-03-06
153,https://stat.taucetistation.org/json/2022/03/06/round-49464/stat.json,2022-03-06
154,https://stat.taucetistation.org/json/2022/03/06/round-49465/stat.json,2022-03-06
155,https://stat.taucetistation.org/json/2022/03/06/round-49466/stat.json,2022-03-06
156,https://stat.taucetistation.org/json/2022/03/06/round-49468/stat.json,2022-03-06
157,https://stat.taucetistation.org/json/2022/03/06/round-49469/stat.json,2022-03-06
158,https://stat.taucetistation.org/json/2022/03/06/round-49470/stat.json,2022-03-06
159,https://stat.taucetistation.org/json/2022/03/06/round-49471/stat.json,2022-03-06
160,https://stat.taucetistation.org/json/2022/03/06/round-49472/stat.json,2022-03-06
161,https://stat.taucetistation.org/json/2022/03/06/round-49473/stat.json,2022-03-06
162,https://stat.taucetistation.org/json/2022/03/06/round-49474/stat.json,2022-03-06
163,https://stat.taucetistation.org/json/2022/03/07/round-49475/stat.json,2022-03-07
164,https://stat.taucetistation.org/json/2022/03/07/round-49476/stat.json,2022-03-07
165,https://stat.taucetistation.org/json/2022/03/07/round-49478/stat.json,2022-03-07
166,https://stat.taucetistation.org/json/2022/03/07/round-49479/stat.json,2022-03-07
167,https://stat.taucetistation.org/json/2022/03/07/round-49480/stat.json,2022-03-07
168,https://stat.taucetistation.org/json/2022/03/07/round-49482/stat.json,2022-03-07
169,https://stat.taucetistation.org/json/2022/03/07/round-49483/stat.json,2022-03-07
170,https://stat.taucetistation.org/json/2022/03/07/round-49484/stat.json,2022-03-07
171,https://stat.taucetistation.org/json/2022/03/07/round-49485/stat.json,2022-03-07
172,https://stat.taucetistation.org/json/2022/03/07/round-49486/stat.json,2022-03-07
173,https://stat.taucetistation.org/json/2022/03/08/round-49503/stat.json,2022-03-08
174,https://stat.taucetistation.org/json/2022/03/08/round-49505/stat.json,2022-03-08
175,https://stat.taucetistation.org/json/2022/03/08/round-49506/stat.json,2022-03-08
176,https://stat.taucetistation.org/json/2022/03/08/round-49507/stat.json,2022-03-08
177,https://stat.taucetistation.org/json/2022/03/08/round-49509/stat.json,2022-03-08
178,https://stat.taucetistation.org/json/2022/03/08/round-49510/stat.json,2022-03-08
179,https://stat.taucetistation.org/json/2022/03/08/round-49511/stat.json,2022-03-08
180,https://stat.taucetistation.org/json/2022/03/08/round-49512/stat.json,2022-03-08
181,https://stat.taucetistation.org/json/2022/03/08/round-49513/stat.json,2022-03-08
182,https://stat.taucetistation.org/json/2022/03/08/round-49514/stat.json,2022-03-08
183,https://stat.taucetistation.org/json/2022/03/08/round-49515/stat.json,2022-03-08
184,https://stat.taucetistation.org/json/2022/03/08/round-49516/stat.json,2022-03-08
185,https://stat.taucetistation.org/json/2022/03/08/round-49518/stat.json,2022-03-08
186,https://stat.taucetistation.org/json/2022/03/08/round-49519/stat.json,2022-03-08
187,https://stat.taucetistation.org/json/2022/03/08/round-49520/stat.json,2022-03-08
188,https://stat.taucetistation.org/json/2022/03/08/round-49523/stat.json,2022-03-08
189,https://stat.taucetistation.org/json/2022/03/08/round-49524/stat.json,2022-03-08
190,https://stat.taucetistation.org/json/2022/03/08/round-49525/stat.json,2022-03-08
191,https://stat.taucetistation.org/json/2022/03/08/round-49526/stat.json,2022-03-08
192,https://stat.taucetistation.org/json/2022/03/08/round-49527/stat.json,2022-03-08
193,https://stat.taucetistation.org/json/2022/03/08/round-49528/stat.json,2022-03-08
194,https://stat.taucetistation.org/json/2022/03/08/round-49529/stat.json,2022-03-08
195,https://stat.taucetistation.org/json/2022/03/08/round-49530/stat.json,2022-03-08
196,https://stat.taucetistation.org/json/2022/03/08/round-49531/stat.json,2022-03-08
197,https://stat.taucetistation.org/json/2022/03/09/round-49532/stat.json,2022-03-09
199,https://stat.taucetistation.org/json/2022/03/09/round-49534/stat.json,2022-03-09
201,https://stat.taucetistation.org/json/2022/03/09/round-49536/stat.json,2022-03-09
203,https://stat.taucetistation.org/json/2022/03/09/round-49538/stat.json,2022-03-09
205,https://stat.taucetistation.org/json/2022/03/09/round-49541/stat.json,2022-03-09
207,https://stat.taucetistation.org/json/2022/03/09/round-49545/stat.json,2022-03-09
209,https://stat.taucetistation.org/json/2022/03/09/round-49548/stat.json,2022-03-09
211,https://stat.taucetistation.org/json/2022/03/09/round-49550/stat.json,2022-03-09
213,https://stat.taucetistation.org/json/2022/03/09/round-49552/stat.json,2022-03-09
215,https://stat.taucetistation.org/json/2022/03/09/round-49554/stat.json,2022-03-09
217,https://stat.taucetistation.org/json/2022/03/09/round-49556/stat.json,2022-03-09
220,https://stat.taucetistation.org/json/2022/03/10/round-49559/stat.json,2022-03-10
222,https://stat.taucetistation.org/json/2022/03/10/round-49561/stat.json,2022-03-10
224,https://stat.taucetistation.org/json/2022/03/10/round-49564/stat.json,2022-03-10
226,https://stat.taucetistation.org/json/2022/03/10/round-49566/stat.json,2022-03-10
228,https://stat.taucetistation.org/json/2022/03/10/round-49569/stat.json,2022-03-10
230,https://stat.taucetistation.org/json/2022/03/10/round-49571/stat.json,2022-03-10
198,https://stat.taucetistation.org/json/2022/03/09/round-49533/stat.json,2022-03-09
200,https://stat.taucetistation.org/json/2022/03/09/round-49535/stat.json,2022-03-09
202,https://stat.taucetistation.org/json/2022/03/09/round-49537/stat.json,2022-03-09
204,https://stat.taucetistation.org/json/2022/03/09/round-49539/stat.json,2022-03-09
206,https://stat.taucetistation.org/json/2022/03/09/round-49542/stat.json,2022-03-09
208,https://stat.taucetistation.org/json/2022/03/09/round-49546/stat.json,2022-03-09
210,https://stat.taucetistation.org/json/2022/03/09/round-49549/stat.json,2022-03-09
212,https://stat.taucetistation.org/json/2022/03/09/round-49551/stat.json,2022-03-09
214,https://stat.taucetistation.org/json/2022/03/09/round-49553/stat.json,2022-03-09
216,https://stat.taucetistation.org/json/2022/03/09/round-49555/stat.json,2022-03-09
218,https://stat.taucetistation.org/json/2022/03/09/round-49557/stat.json,2022-03-09
219,https://stat.taucetistation.org/json/2022/03/10/round-49558/stat.json,2022-03-10
221,https://stat.taucetistation.org/json/2022/03/10/round-49560/stat.json,2022-03-10
223,https://stat.taucetistation.org/json/2022/03/10/round-49563/stat.json,2022-03-10
225,https://stat.taucetistation.org/json/2022/03/10/round-49565/stat.json,2022-03-10
227,https://stat.taucetistation.org/json/2022/03/10/round-49568/stat.json,2022-03-10
229,https://stat.taucetistation.org/json/2022/03/10/round-49570/stat.json,2022-03-10
231,https://stat.taucetistation.org/json/2022/03/10/round-49572/stat.json,2022-03-10
232,https://stat.taucetistation.org/json/2022/03/11/round-49579/stat.json,2022-03-11
233,https://stat.taucetistation.org/json/2022/03/11/round-49581/stat.json,2022-03-11
234,https://stat.taucetistation.org/json/2022/03/11/round-49582/stat.json,2022-03-11
235,https://stat.taucetistation.org/json/2022/03/11/round-49583/stat.json,2022-03-11
236,https://stat.taucetistation.org/json/2022/03/11/round-49584/stat.json,2022-03-11
237,https://stat.taucetistation.org/json/2022/03/11/round-49585/stat.json,2022-03-11
238,https://stat.taucetistation.org/json/2022/03/11/round-49588/stat.json,2022-03-11
239,https://stat.taucetistation.org/json/2022/03/11/round-49590/stat.json,2022-03-11
240,https://stat.taucetistation.org/json/2022/03/11/round-49591/stat.json,2022-03-11
241,https://stat.taucetistation.org/json/2022/03/11/round-49592/stat.json,2022-03-11
242,https://stat.taucetistation.org/json/2022/03/11/round-49593/stat.json,2022-03-11
243,https://stat.taucetistation.org/json/2022/03/11/round-49594/stat.json,2022-03-11
244,https://stat.taucetistation.org/json/2022/03/11/round-49595/stat.json,2022-03-11
245,https://stat.taucetistation.org/json/2022/03/11/round-49596/stat.json,2022-03-11
246,https://stat.taucetistation.org/json/2022/03/11/round-49597/stat.json,2022-03-11
247,https://stat.taucetistation.org/json/2022/03/11/round-49598/stat.json,2022-03-11
248,https://stat.taucetistation.org/json/2022/03/11/round-49599/stat.json,2022-03-11
249,https://stat.taucetistation.org/json/2022/03/11/round-49600/stat.json,2022-03-11
250,https://stat.taucetistation.org/json/2022/03/11/round-49601/stat.json,2022-03-11
251,https://stat.taucetistation.org/json/2022/03/12/round-49602/stat.json,2022-03-12
252,https://stat.taucetistation.org/json/2022/03/12/round-49603/stat.json,2022-03-12
253,https://stat.taucetistation.org/json/2022/03/12/round-49604/stat.json,2022-03-12
254,https://stat.taucetistation.org/json/2022/03/12/round-49606/stat.json,2022-03-12
255,https://stat.taucetistation.org/json/2022/03/12/round-49607/stat.json,2022-03-12
256,https://stat.taucetistation.org/json/2022/03/12/round-49608/stat.json,2022-03-12
257,https://stat.taucetistation.org/json/2022/03/12/round-49609/stat.json,2022-03-12
258,https://stat.taucetistation.org/json/2022/03/12/round-49610/stat.json,2022-03-12
259,https://stat.taucetistation.org/json/2022/03/12/round-49611/stat.json,2022-03-12
260,https://stat.taucetistation.org/json/2022/03/12/round-49612/stat.json,2022-03-12
261,https://stat.taucetistation.org/json/2022/03/12/round-49613/stat.json,2022-03-12
262,https://stat.taucetistation.org/json/2022/03/12/round-49614/stat.json,2022-03-12
263,https://stat.taucetistation.org/json/2022/03/12/round-49615/stat.json,2022-03-12
264,https://stat.taucetistation.org/json/2022/03/12/round-49616/stat.json,2022-03-12
265,https://stat.taucetistation.org/json/2022/03/12/round-49617/stat.json,2022-03-12
266,https://stat.taucetistation.org/json/2022/03/12/round-49618/stat.json,2022-03-12
267,https://stat.taucetistation.org/json/2022/03/12/round-49620/stat.json,2022-03-12
268,https://stat.taucetistation.org/json/2022/03/12/round-49621/stat.json,2022-03-12
269,https://stat.taucetistation.org/json/2022/03/12/round-49622/stat.json,2022-03-12
270,https://stat.taucetistation.org/json/2022/03/13/round-49625/stat.json,2022-03-13
271,https://stat.taucetistation.org/json/2022/03/13/round-49626/stat.json,2022-03-13
272,https://stat.taucetistation.org/json/2022/03/13/round-49627/stat.json,2022-03-13
273,https://stat.taucetistation.org/json/2022/03/13/round-49628/stat.json,2022-03-13
274,https://stat.taucetistation.org/json/2022/03/13/round-49629/stat.json,2022-03-13
275,https://stat.taucetistation.org/json/2022/03/13/round-49630/stat.json,2022-03-13
276,https://stat.taucetistation.org/json/2022/03/13/round-49631/stat.json,2022-03-13
277,https://stat.taucetistation.org/json/2022/03/13/round-49632/stat.json,2022-03-13
278,https://stat.taucetistation.org/json/2022/03/13/round-49633/stat.json,2022-03-13
279,https://stat.taucetistation.org/json/2022/03/13/round-49634/stat.json,2022-03-13
281,https://stat.taucetistation.org/json/2022/03/13/round-49636/stat.json,2022-03-13
283,https://stat.taucetistation.org/json/2022/03/13/round-49638/stat.json,2022-03-13
285,https://stat.taucetistation.org/json/2022/03/13/round-49640/stat.json,2022-03-13
287,https://stat.taucetistation.org/json/2022/03/13/round-49642/stat.json,2022-03-13
289,https://stat.taucetistation.org/json/2022/03/13/round-49644/stat.json,2022-03-13
291,https://stat.taucetistation.org/json/2022/03/13/round-49646/stat.json,2022-03-13
293,https://stat.taucetistation.org/json/2022/03/13/round-49648/stat.json,2022-03-13
296,https://stat.taucetistation.org/json/2022/03/14/round-49652/stat.json,2022-03-14
298,https://stat.taucetistation.org/json/2022/03/14/round-49654/stat.json,2022-03-14
300,https://stat.taucetistation.org/json/2022/03/14/round-49656/stat.json,2022-03-14
302,https://stat.taucetistation.org/json/2022/03/14/round-49658/stat.json,2022-03-14
304,https://stat.taucetistation.org/json/2022/03/14/round-49660/stat.json,2022-03-14
306,https://stat.taucetistation.org/json/2022/03/14/round-49662/stat.json,2022-03-14
280,https://stat.taucetistation.org/json/2022/03/13/round-49635/stat.json,2022-03-13
282,https://stat.taucetistation.org/json/2022/03/13/round-49637/stat.json,2022-03-13
284,https://stat.taucetistation.org/json/2022/03/13/round-49639/stat.json,2022-03-13
286,https://stat.taucetistation.org/json/2022/03/13/round-49641/stat.json,2022-03-13
288,https://stat.taucetistation.org/json/2022/03/13/round-49643/stat.json,2022-03-13
290,https://stat.taucetistation.org/json/2022/03/13/round-49645/stat.json,2022-03-13
292,https://stat.taucetistation.org/json/2022/03/13/round-49647/stat.json,2022-03-13
294,https://stat.taucetistation.org/json/2022/03/13/round-49649/stat.json,2022-03-13
295,https://stat.taucetistation.org/json/2022/03/14/round-49651/stat.json,2022-03-14
297,https://stat.taucetistation.org/json/2022/03/14/round-49653/stat.json,2022-03-14
299,https://stat.taucetistation.org/json/2022/03/14/round-49655/stat.json,2022-03-14
301,https://stat.taucetistation.org/json/2022/03/14/round-49657/stat.json,2022-03-14
303,https://stat.taucetistation.org/json/2022/03/14/round-49659/stat.json,2022-03-14
305,https://stat.taucetistation.org/json/2022/03/14/round-49661/stat.json,2022-03-14
307,https://stat.taucetistation.org/json/2022/03/14/round-49663/stat.json,2022-03-14
308,https://stat.taucetistation.org/json/2022/03/15/round-49671/stat.json,2022-03-15
309,https://stat.taucetistation.org/json/2022/03/15/round-49672/stat.json,2022-03-15
310,https://stat.taucetistation.org/json/2022/03/15/round-49674/stat.json,2022-03-15
311,https://stat.taucetistation.org/json/2022/03/15/round-49675/stat.json,2022-03-15
312,https://stat.taucetistation.org/json/2022/03/15/round-49676/stat.json,2022-03-15
313,https://stat.taucetistation.org/json/2022/03/15/round-49677/stat.json,2022-03-15
314,https://stat.taucetistation.org/json/2022/03/15/round-49678/stat.json,2022-03-15
315,https://stat.taucetistation.org/json/2022/03/15/round-49679/stat.json,2022-03-15
316,https://stat.taucetistation.org/json/2022/03/15/round-49680/stat.json,2022-03-15
317,https://stat.taucetistation.org/json/2022/03/15/round-49681/stat.json,2022-03-15
318,https://stat.taucetistation.org/json/2022/03/15/round-49682/stat.json,2022-03-15
319,https://stat.taucetistation.org/json/2022/03/15/round-49683/stat.json,2022-03-15
320,https://stat.taucetistation.org/json/2022/03/15/round-49684/stat.json,2022-03-15
321,https://stat.taucetistation.org/json/2022/03/15/round-49685/stat.json,2022-03-15
322,https://stat.taucetistation.org/json/2022/03/15/round-49686/stat.json,2022-03-15
323,https://stat.taucetistation.org/json/2022/03/15/round-49687/stat.json,2022-03-15
324,https://stat.taucetistation.org/json/2022/03/15/round-49688/stat.json,2022-03-15
325,https://stat.taucetistation.org/json/2022/03/15/round-49689/stat.json,2022-03-15
326,https://stat.taucetistation.org/json/2022/03/15/round-49690/stat.json,2022-03-15
327,https://stat.taucetistation.org/json/2022/03/15/round-49691/stat.json,2022-03-15
328,https://stat.taucetistation.org/json/2022/03/15/round-49692/stat.json,2022-03-15
329,https://stat.taucetistation.org/json/2022/03/16/round-49694/stat.json,2022-03-16
330,https://stat.taucetistation.org/json/2022/03/16/round-49695/stat.json,2022-03-16
331,https://stat.taucetistation.org/json/2022/03/16/round-49696/stat.json,2022-03-16
332,https://stat.taucetistation.org/json/2022/03/16/round-49698/stat.json,2022-03-16
333,https://stat.taucetistation.org/json/2022/03/16/round-49699/stat.json,2022-03-16
334,https://stat.taucetistation.org/json/2022/03/16/round-49700/stat.json,2022-03-16
335,https://stat.taucetistation.org/json/2022/03/16/round-49701/stat.json,2022-03-16
336,https://stat.taucetistation.org/json/2022/03/16/round-49703/stat.json,2022-03-16
337,https://stat.taucetistation.org/json/2022/03/16/round-49704/stat.json,2022-03-16
338,https://stat.taucetistation.org/json/2022/03/16/round-49705/stat.json,2022-03-16
339,https://stat.taucetistation.org/json/2022/03/16/round-49706/stat.json,2022-03-16
340,https://stat.taucetistation.org/json/2022/03/16/round-49707/stat.json,2022-03-16
341,https://stat.taucetistation.org/json/2022/03/16/round-49708/stat.json,2022-03-16
342,https://stat.taucetistation.org/json/2022/03/16/round-49709/stat.json,2022-03-16
343,https://stat.taucetistation.org/json/2022/03/16/round-49713/stat.json,2022-03-16
344,https://stat.taucetistation.org/json/2022/03/17/round-49714/stat.json,2022-03-17
345,https://stat.taucetistation.org/json/2022/03/17/round-49728/stat.json,2022-03-17
346,https://stat.taucetistation.org/json/2022/03/17/round-49729/stat.json,2022-03-17
347,https://stat.taucetistation.org/json/2022/03/17/round-49730/stat.json,2022-03-17
348,https://stat.taucetistation.org/json/2022/03/17/round-49731/stat.json,2022-03-17
349,https://stat.taucetistation.org/json/2022/03/17/round-49732/stat.json,2022-03-17
350,https://stat.taucetistation.org/json/2022/03/17/round-49733/stat.json,2022-03-17
351,https://stat.taucetistation.org/json/2022/03/17/round-49734/stat.json,2022-03-17
352,https://stat.taucetistation.org/json/2022/03/17/round-49735/stat.json,2022-03-17
353,https://stat.taucetistation.org/json/2022/03/17/round-49736/stat.json,2022-03-17
354,https://stat.taucetistation.org/json/2022/03/17/round-49737/stat.json,2022-03-17
355,https://stat.taucetistation.org/json/2022/03/17/round-49738/stat.json,2022-03-17
356,https://stat.taucetistation.org/json/2022/03/17/round-49739/stat.json,2022-03-17
357,https://stat.taucetistation.org/json/2022/03/17/round-49740/stat.json,2022-03-17
358,https://stat.taucetistation.org/json/2022/03/17/round-49741/stat.json,2022-03-17
360,https://stat.taucetistation.org/json/2022/03/17/round-49743/stat.json,2022-03-17
362,https://stat.taucetistation.org/json/2022/03/17/round-49746/stat.json,2022-03-17
363,https://stat.taucetistation.org/json/2022/03/18/round-49747/stat.json,2022-03-18
365,https://stat.taucetistation.org/json/2022/03/18/round-49749/stat.json,2022-03-18
367,https://stat.taucetistation.org/json/2022/03/18/round-49751/stat.json,2022-03-18
369,https://stat.taucetistation.org/json/2022/03/18/round-49753/stat.json,2022-03-18
371,https://stat.taucetistation.org/json/2022/03/18/round-49755/stat.json,2022-03-18
373,https://stat.taucetistation.org/json/2022/03/18/round-49757/stat.json,2022-03-18
359,https://stat.taucetistation.org/json/2022/03/17/round-49742/stat.json,2022-03-17
361,https://stat.taucetistation.org/json/2022/03/17/round-49744/stat.json,2022-03-17
364,https://stat.taucetistation.org/json/2022/03/18/round-49748/stat.json,2022-03-18
366,https://stat.taucetistation.org/json/2022/03/18/round-49750/stat.json,2022-03-18
368,https://stat.taucetistation.org/json/2022/03/18/round-49752/stat.json,2022-03-18
370,https://stat.taucetistation.org/json/2022/03/18/round-49754/stat.json,2022-03-18
372,https://stat.taucetistation.org/json/2022/03/18/round-49756/stat.json,2022-03-18
374,https://stat.taucetistation.org/json/2022/03/19/round-49770/stat.json,2022-03-19
375,https://stat.taucetistation.org/json/2022/03/19/round-49771/stat.json,2022-03-19
376,https://stat.taucetistation.org/json/2022/03/19/round-49772/stat.json,2022-03-19
377,https://stat.taucetistation.org/json/2022/03/19/round-49773/stat.json,2022-03-19
378,https://stat.taucetistation.org/json/2022/03/19/round-49774/stat.json,2022-03-19
379,https://stat.taucetistation.org/json/2022/03/19/round-49776/stat.json,2022-03-19
380,https://stat.taucetistation.org/json/2022/03/19/round-49777/stat.json,2022-03-19
381,https://stat.taucetistation.org/json/2022/03/19/round-49778/stat.json,2022-03-19
382,https://stat.taucetistation.org/json/2022/03/19/round-49779/stat.json,2022-03-19
383,https://stat.taucetistation.org/json/2022/03/19/round-49780/stat.json,2022-03-19
384,https://stat.taucetistation.org/json/2022/03/19/round-49781/stat.json,2022-03-19
385,https://stat.taucetistation.org/json/2022/03/19/round-49782/stat.json,2022-03-19
386,https://stat.taucetistation.org/json/2022/03/19/round-49783/stat.json,2022-03-19
387,https://stat.taucetistation.org/json/2022/03/19/round-49784/stat.json,2022-03-19
388,https://stat.taucetistation.org/json/2022/03/19/round-49785/stat.json,2022-03-19
389,https://stat.taucetistation.org/json/2022/03/19/round-49786/stat.json,2022-03-19
390,https://stat.taucetistation.org/json/2022/03/19/round-49787/stat.json,2022-03-19
391,https://stat.taucetistation.org/json/2022/03/19/round-49788/stat.json,2022-03-19
392,https://stat.taucetistation.org/json/2022/03/19/round-49789/stat.json,2022-03-19
393,https://stat.taucetistation.org/json/2022/03/19/round-49790/stat.json,2022-03-19
394,https://stat.taucetistation.org/json/2022/03/19/round-49791/stat.json,2022-03-19
395,https://stat.taucetistation.org/json/2022/03/19/round-49792/stat.json,2022-03-19
396,https://stat.taucetistation.org/json/2022/03/19/round-49793/stat.json,2022-03-19
397,https://stat.taucetistation.org/json/2022/03/19/round-49794/stat.json,2022-03-19
398,https://stat.taucetistation.org/json/2022/03/20/round-49795/stat.json,2022-03-20
399,https://stat.taucetistation.org/json/2022/03/20/round-49796/stat.json,2022-03-20
400,https://stat.taucetistation.org/json/2022/03/20/round-49797/stat.json,2022-03-20
401,https://stat.taucetistation.org/json/2022/03/20/round-49798/stat.json,2022-03-20
402,https://stat.taucetistation.org/json/2022/03/20/round-49799/stat.json,2022-03-20
403,https://stat.taucetistation.org/json/2022/03/20/round-49800/stat.json,2022-03-20
404,https://stat.taucetistation.org/json/2022/03/20/round-49801/stat.json,2022-03-20
405,https://stat.taucetistation.org/json/2022/03/20/round-49802/stat.json,2022-03-20
406,https://stat.taucetistation.org/json/2022/03/20/round-49803/stat.json,2022-03-20
407,https://stat.taucetistation.org/json/2022/03/20/round-49804/stat.json,2022-03-20
408,https://stat.taucetistation.org/json/2022/03/20/round-49805/stat.json,2022-03-20
409,https://stat.taucetistation.org/json/2022/03/20/round-49806/stat.json,2022-03-20
410,https://stat.taucetistation.org/json/2022/03/20/round-49807/stat.json,2022-03-20
411,https://stat.taucetistation.org/json/2022/03/20/round-49808/stat.json,2022-03-20
412,https://stat.taucetistation.org/json/2022/03/20/round-49810/stat.json,2022-03-20
413,https://stat.taucetistation.org/json/2022/03/20/round-49811/stat.json,2022-03-20
414,https://stat.taucetistation.org/json/2022/03/20/round-49812/stat.json,2022-03-20
415,https://stat.taucetistation.org/json/2022/03/20/round-49813/stat.json,2022-03-20
416,https://stat.taucetistation.org/json/2022/03/20/round-49814/stat.json,2022-03-20
417,https://stat.taucetistation.org/json/2022/03/20/round-49815/stat.json,2022-03-20
418,https://stat.taucetistation.org/json/2022/03/20/round-49816/stat.json,2022-03-20
419,https://stat.taucetistation.org/json/2022/03/20/round-49817/stat.json,2022-03-20
420,https://stat.taucetistation.org/json/2022/03/20/round-49818/stat.json,2022-03-20
421,https://stat.taucetistation.org/json/2022/03/20/round-49819/stat.json,2022-03-20
422,https://stat.taucetistation.org/json/2022/03/20/round-49820/stat.json,2022-03-20
423,https://stat.taucetistation.org/json/2022/03/20/round-49821/stat.json,2022-03-20
424,https://stat.taucetistation.org/json/2022/03/20/round-49822/stat.json,2022-03-20
425,https://stat.taucetistation.org/json/2022/03/20/round-49823/stat.json,2022-03-20
426,https://stat.taucetistation.org/json/2022/03/20/round-49824/stat.json,2022-03-20
427,https://stat.taucetistation.org/json/2022/03/20/round-49825/stat.json,2022-03-20
428,https://stat.taucetistation.org/json/2022/03/21/round-49826/stat.json,2022-03-21
429,https://stat.taucetistation.org/json/2022/03/21/round-49827/stat.json,2022-03-21
430,https://stat.taucetistation.org/json/2022/03/21/round-49828/stat.json,2022-03-21
431,https://stat.taucetistation.org/json/2022/03/21/round-49829/stat.json,2022-03-21
432,https://stat.taucetistation.org/json/2022/03/21/round-49832/stat.json,2022-03-21
433,https://stat.taucetistation.org/json/2022/03/21/round-49833/stat.json,2022-03-21
434,https://stat.taucetistation.org/json/2022/03/21/round-49834/stat.json,2022-03-21
435,https://stat.taucetistation.org/json/2022/03/21/round-49835/stat.json,2022-03-21
436,https://stat.taucetistation.org/json/2022/03/21/round-49836/stat.json,2022-03-21
437,https://stat.taucetistation.org/json/2022/03/21/round-49837/stat.json,2022-03-21
438,https://stat.taucetistation.org/json/2022/03/21/round-49838/stat.json,2022-03-21
439,https://stat.taucetistation.org/json/2022/03/21/round-49839/stat.json,2022-03-21
440,https://stat.taucetistation.org/json/2022/03/21/round-49840/stat.json,2022-03-21
441,https://stat.taucetistation.org/json/2022/03/21/round-49841/stat.json,2022-03-21
442,https://stat.taucetistation.org/json/2022/03/21/round-49843/stat.json,2022-03-21
443,https://stat.taucetistation.org/json/2022/03/21/round-49844/stat.json,2022-03-21
444,https://stat.taucetistation.org/json/2022/03/22/round-49851/stat.json,2022-03-22
445,https://stat.taucetistation.org/json/2022/03/22/round-49852/stat.json,2022-03-22
446,https://stat.taucetistation.org/json/2022/03/22/round-49853/stat.json,2022-03-22
447,https://stat.taucetistation.org/json/2022/03/22/round-49854/stat.json,2022-03-22
448,https://stat.taucetistation.org/json/2022/03/22/round-49855/stat.json,2022-03-22
449,https://stat.taucetistation.org/json/2022/03/22/round-49856/stat.json,2022-03-22
450,https://stat.taucetistation.org/json/2022/03/22/round-49857/stat.json,2022-03-22
451,https://stat.taucetistation.org/json/2022/03/22/round-49858/stat.json,2022-03-22
452,https://stat.taucetistation.org/json/2022/03/22/round-49859/stat.json,2022-03-22
453,https://stat.taucetistation.org/json/2022/03/22/round-49860/stat.json,2022-03-22
454,https://stat.taucetistation.org/json/2022/03/22/round-49861/stat.json,2022-03-22
455,https://stat.taucetistation.org/json/2022/03/22/round-49862/stat.json,2022-03-22
456,https://stat.taucetistation.org/json/2022/03/22/round-49863/stat.json,2022-03-22
457,https://stat.taucetistation.org/json/2022/03/22/round-49865/stat.json,2022-03-22
458,https://stat.taucetistation.org/json/2022/03/22/round-49866/stat.json,2022-03-22
459,https://stat.taucetistation.org/json/2022/03/22/round-49867/stat.json,2022-03-22
460,https://stat.taucetistation.org/json/2022/03/22/round-49868/stat.json,2022-03-22
461,https://stat.taucetistation.org/json/2022/03/22/round-49869/stat.json,2022-03-22
462,https://stat.taucetistation.org/json/2022/03/22/round-49870/stat.json,2022-03-22
463,https://stat.taucetistation.org/json/2022/03/22/round-49871/stat.json,2022-03-22
464,https://stat.taucetistation.org/json/2022/03/22/round-49872/stat.json,2022-03-22
465,https://stat.taucetistation.org/json/2022/03/22/round-49873/stat.json,2022-03-22
466,https://stat.taucetistation.org/json/2022/03/22/round-49874/stat.json,2022-03-22
467,https://stat.taucetistation.org/json/2022/03/22/round-49875/stat.json,2022-03-22
468,https://stat.taucetistation.org/json/2022/03/22/round-49876/stat.json,2022-03-22
469,https://stat.taucetistation.org/json/2022/03/22/round-49877/stat.json,2022-03-22
470,https://stat.taucetistation.org/json/2022/03/23/round-49878/stat.json,2022-03-23
471,https://stat.taucetistation.org/json/2022/03/23/round-49879/stat.json,2022-03-23
472,https://stat.taucetistation.org/json/2022/03/23/round-49881/stat.json,2022-03-23
473,https://stat.taucetistation.org/json/2022/03/23/round-49882/stat.json,2022-03-23
474,https://stat.taucetistation.org/json/2022/03/23/round-49883/stat.json,2022-03-23
475,https://stat.taucetistation.org/json/2022/03/23/round-49884/stat.json,2022-03-23
476,https://stat.taucetistation.org/json/2022/03/23/round-49885/stat.json,2022-03-23
477,https://stat.taucetistation.org/json/2022/03/23/round-49886/stat.json,2022-03-23
478,https://stat.taucetistation.org/json/2022/03/23/round-49887/stat.json,2022-03-23
479,https://stat.taucetistation.org/json/2022/03/23/round-49888/stat.json,2022-03-23
480,https://stat.taucetistation.org/json/2022/03/23/round-49889/stat.json,2022-03-23
481,https://stat.taucetistation.org/json/2022/03/23/round-49890/stat.json,2022-03-23
482,https://stat.taucetistation.org/json/2022/03/23/round-49891/stat.json,2022-03-23
483,https://stat.taucetistation.org/json/2022/03/23/round-49892/stat.json,2022-03-23
484,https://stat.taucetistation.org/json/2022/03/23/round-49893/stat.json,2022-03-23
485,https://stat.taucetistation.org/json/2022/03/23/round-49894/stat.json,2022-03-23
486,https://stat.taucetistation.org/json/2022/03/23/round-49895/stat.json,2022-03-23
487,https://stat.taucetistation.org/json/2022/03/23/round-49896/stat.json,2022-03-23
488,https://stat.taucetistation.org/json/2022/03/23/round-49897/stat.json,2022-03-23
489,https://stat.taucetistation.org/json/2022/03/23/round-49898/stat.json,2022-03-23
490,https://stat.taucetistation.org/json/2022/03/23/round-49899/stat.json,2022-03-23
491,https://stat.taucetistation.org/json/2022/03/23/round-49900/stat.json,2022-03-23
492,https://stat.taucetistation.org/json/2022/03/23/round-49901/stat.json,2022-03-23
493,https://stat.taucetistation.org/json/2022/03/23/round-49902/stat.json,2022-03-23
494,https://stat.taucetistation.org/json/2022/03/23/round-49903/stat.json,2022-03-23
495,https://stat.taucetistation.org/json/2022/03/23/round-49904/stat.json,2022-03-23
496,https://stat.taucetistation.org/json/2022/03/24/round-49906/stat.json,2022-03-24
497,https://stat.taucetistation.org/json/2022/03/24/round-49908/stat.json,2022-03-24
498,https://stat.taucetistation.org/json/2022/03/24/round-49910/stat.json,2022-03-24
499,https://stat.taucetistation.org/json/2022/03/24/round-49911/stat.json,2022-03-24
500,https://stat.taucetistation.org/json/2022/03/24/round-49912/stat.json,2022-03-24
501,https://stat.taucetistation.org/json/2022/03/24/round-49913/stat.json,2022-03-24
502,https://stat.taucetistation.org/json/2022/03/24/round-49914/stat.json,2022-03-24
503,https://stat.taucetistation.org/json/2022/03/24/round-49915/stat.json,2022-03-24
504,https://stat.taucetistation.org/json/2022/03/24/round-49916/stat.json,2022-03-24
505,https://stat.taucetistation.org/json/2022/03/24/round-49917/stat.json,2022-03-24
506,https://stat.taucetistation.org/json/2022/03/24/round-49918/stat.json,2022-03-24
507,https://stat.taucetistation.org/json/2022/03/24/round-49919/stat.json,2022-03-24
508,https://stat.taucetistation.org/json/2022/03/24/round-49920/stat.json,2022-03-24
509,https://stat.taucetistation.org/json/2022/03/24/round-49921/stat.json,2022-03-24
510,https://stat.taucetistation.org/json/2022/03/24/round-49922/stat.json,2022-03-24
511,https://stat.taucetistation.org/json/2022/03/24/round-49923/stat.json,2022-03-24
512,https://stat.taucetistation.org/json/2022/03/24/round-49925/stat.json,2022-03-24
513,https://stat.taucetistation.org/json/2022/03/24/round-49926/stat.json,2022-03-24
514,https://stat.taucetistation.org/json/2022/03/24/round-49927/stat.json,2022-03-24
515,https://stat.taucetistation.org/json/2022/03/24/round-49928/stat.json,2022-03-24
516,https://stat.taucetistation.org/json/2022/03/24/round-49929/stat.json,2022-03-24
517,https://stat.taucetistation.org/json/2022/03/24/round-49930/stat.json,2022-03-24
518,https://stat.taucetistation.org/json/2022/03/24/round-49931/stat.json,2022-03-24
519,https://stat.taucetistation.org/json/2022/03/24/round-49932/stat.json,2022-03-24
520,https://stat.taucetistation.org/json/2022/03/24/round-49933/stat.json,2022-03-24
521,https://stat.taucetistation.org/json/2022/03/24/round-49934/stat.json,2022-03-24
522,https://stat.taucetistation.org/json/2022/03/24/round-49935/stat.json,2022-03-24
523,https://stat.taucetistation.org/json/2022/03/24/round-49936/stat.json,2022-03-24
524,https://stat.taucetistation.org/json/2022/03/25/round-49937/stat.json,2022-03-25
525,https://stat.taucetistation.org/json/2022/03/25/round-49940/stat.json,2022-03-25
526,https://stat.taucetistation.org/json/2022/03/25/round-49943/stat.json,2022-03-25
527,https://stat.taucetistation.org/json/2022/03/25/round-49944/stat.json,2022-03-25
528,https://stat.taucetistation.org/json/2022/03/25/round-49945/stat.json,2022-03-25
529,https://stat.taucetistation.org/json/2022/03/25/round-49946/stat.json,2022-03-25
530,https://stat.taucetistation.org/json/2022/03/25/round-49947/stat.json,2022-03-25
531,https://stat.taucetistation.org/json/2022/03/25/round-49948/stat.json,2022-03-25
532,https://stat.taucetistation.org/json/2022/03/25/round-49949/stat.json,2022-03-25
533,https://stat.taucetistation.org/json/2022/03/25/round-49950/stat.json,2022-03-25
534,https://stat.taucetistation.org/json/2022/03/25/round-49951/stat.json,2022-03-25
535,https://stat.taucetistation.org/json/2022/03/25/round-49952/stat.json,2022-03-25
536,https://stat.taucetistation.org/json/2022/03/25/round-49953/stat.json,2022-03-25
537,https://stat.taucetistation.org/json/2022/03/25/round-49954/stat.json,2022-03-25
538,https://stat.taucetistation.org/json/2022/03/25/round-49956/stat.json,2022-03-25
539,https://stat.taucetistation.org/json/2022/03/25/round-49957/stat.json,2022-03-25
540,https://stat.taucetistation.org/json/2022/03/25/round-49958/stat.json,2022-03-25
541,https://stat.taucetistation.org/json/2022/03/25/round-49959/stat.json,2022-03-25
542,https://stat.taucetistation.org/json/2022/03/25/round-49960/stat.json,2022-03-25
543,https://stat.taucetistation.org/json/2022/03/25/round-49961/stat.json,2022-03-25
544,https://stat.taucetistation.org/json/2022/03/25/round-49962/stat.json,2022-03-25
545,https://stat.taucetistation.org/json/2022/03/25/round-49963/stat.json,2022-03-25
546,https://stat.taucetistation.org/json/2022/03/25/round-49964/stat.json,2022-03-25
547,https://stat.taucetistation.org/json/2022/03/25/round-49965/stat.json,2022-03-25
548,https://stat.taucetistation.org/json/2022/03/25/round-49966/stat.json,2022-03-25
549,https://stat.taucetistation.org/json/2022/03/25/round-49967/stat.json,2022-03-25
550,https://stat.taucetistation.org/json/2022/03/25/round-49968/stat.json,2022-03-25
551,https://stat.taucetistation.org/json/2022/03/25/round-49969/stat.json,2022-03-25
552,https://stat.taucetistation.org/json/2022/03/25/round-49970/stat.json,2022-03-25
553,https://stat.taucetistation.org/json/2022/03/26/round-49971/stat.json,2022-03-26
554,https://stat.taucetistation.org/json/2022/03/26/round-49972/stat.json,2022-03-26
555,https://stat.taucetistation.org/json/2022/03/26/round-49974/stat.json,2022-03-26
556,https://stat.taucetistation.org/json/2022/03/26/round-49976/stat.json,2022-03-26
557,https://stat.taucetistation.org/json/2022/03/26/round-49980/stat.json,2022-03-26
558,https://stat.taucetistation.org/json/2022/03/26/round-49981/stat.json,2022-03-26
559,https://stat.taucetistation.org/json/2022/03/26/round-49982/stat.json,2022-03-26
560,https://stat.taucetistation.org/json/2022/03/26/round-49983/stat.json,2022-03-26
561,https://stat.taucetistation.org/json/2022/03/26/round-49984/stat.json,2022-03-26
562,https://stat.taucetistation.org/json/2022/03/26/round-49985/stat.json,2022-03-26
563,https://stat.taucetistation.org/json/2022/03/26/round-49986/stat.json,2022-03-26
564,https://stat.taucetistation.org/json/2022/03/26/round-49987/stat.json,2022-03-26
565,https://stat.taucetistation.org/json/2022/03/26/round-49988/stat.json,2022-03-26
566,https://stat.taucetistation.org/json/2022/03/26/round-49989/stat.json,2022-03-26
567,https://stat.taucetistation.org/json/2022/03/26/round-49990/stat.json,2022-03-26
568,https://stat.taucetistation.org/json/2022/03/26/round-49991/stat.json,2022-03-26
569,https://stat.taucetistation.org/json/2022/03/26/round-49992/stat.json,2022-03-26
570,https://stat.taucetistation.org/json/2022/03/26/round-49993/stat.json,2022-03-26
571,https://stat.taucetistation.org/json/2022/03/26/round-49994/stat.json,2022-03-26
572,https://stat.taucetistation.org/json/2022/03/26/round-49995/stat.json,2022-03-26
573,https://stat.taucetistation.org/json/2022/03/26/round-49996/stat.json,2022-03-26
574,https://stat.taucetistation.org/json/2022/03/26/round-49997/stat.json,2022-03-26
575,https://stat.taucetistation.org/json/2022/03/26/round-49998/stat.json,2022-03-26
576,https://stat.taucetistation.org/json/2022/03/26/round-49999/stat.json,2022-03-26
577,https://stat.taucetistation.org/json/2022/03/26/round-50000/stat.json,2022-03-26
578,https://stat.taucetistation.org/json/2022/03/26/round-50001/stat.json,2022-03-26
579,https://stat.taucetistation.org/json/2022/03/26/round-50002/stat.json,2022-03-26
580,https://stat.taucetistation.org/json/2022/03/26/round-50003/stat.json,2022-03-26
581,https://stat.taucetistation.org/json/2022/03/27/round-50004/stat.json,2022-03-27
582,https://stat.taucetistation.org/json/2022/03/27/round-50006/stat.json,2022-03-27
583,https://stat.taucetistation.org/json/2022/03/27/round-50007/stat.json,2022-03-27
584,https://stat.taucetistation.org/json/2022/03/27/round-50008/stat.json,2022-03-27
585,https://stat.taucetistation.org/json/2022/03/27/round-50009/stat.json,2022-03-27
586,https://stat.taucetistation.org/json/2022/03/27/round-50010/stat.json,2022-03-27
587,https://stat.taucetistation.org/json/2022/03/27/round-50011/stat.json,2022-03-27
588,https://stat.taucetistation.org/json/2022/03/27/round-50012/stat.json,2022-03-27
589,https://stat.taucetistation.org/json/2022/03/27/round-50013/stat.json,2022-03-27
590,https://stat.taucetistation.org/json/2022/03/27/round-50014/stat.json,2022-03-27
591,https://stat.taucetistation.org/json/2022/03/27/round-50016/stat.json,2022-03-27
592,https://stat.taucetistation.org/json/2022/03/27/round-50017/stat.json,2022-03-27
593,https://stat.taucetistation.org/json/2022/03/27/round-50018/stat.json,2022-03-27
594,https://stat.taucetistation.org/json/2022/03/27/round-50019/stat.json,2022-03-27
595,https://stat.taucetistation.org/json/2022/03/27/round-50020/stat.json,2022-03-27
596,https://stat.taucetistation.org/json/2022/03/27/round-50021/stat.json,2022-03-27
597,https://stat.taucetistation.org/json/2022/03/27/round-50022/stat.json,2022-03-27
598,https://stat.taucetistation.org/json/2022/03/28/round-50032/stat.json,2022-03-28
599,https://stat.taucetistation.org/json/2022/03/28/round-50033/stat.json,2022-03-28
600,https://stat.taucetistation.org/json/2022/03/28/round-50034/stat.json,2022-03-28
601,https://stat.taucetistation.org/json/2022/03/28/round-50035/stat.json,2022-03-28
602,https://stat.taucetistation.org/json/2022/03/28/round-50036/stat.json,2022-03-28
603,https://stat.taucetistation.org/json/2022/03/28/round-50037/stat.json,2022-03-28
604,https://stat.taucetistation.org/json/2022/03/28/round-50038/stat.json,2022-03-28
605,https://stat.taucetistation.org/json/2022/03/28/round-50039/stat.json,2022-03-28
606,https://stat.taucetistation.org/json/2022/03/28/round-50040/stat.json,2022-03-28
607,https://stat.taucetistation.org/json/2022/03/28/round-50042/stat.json,2022-03-28
608,https://stat.taucetistation.org/json/2022/03/28/round-50043/stat.json,2022-03-28
609,https://stat.taucetistation.org/json/2022/03/28/round-50044/stat.json,2022-03-28
610,https://stat.taucetistation.org/json/2022/03/28/round-50045/stat.json,2022-03-28
611,https://stat.taucetistation.org/json/2022/03/28/round-50046/stat.json,2022-03-28
612,https://stat.taucetistation.org/json/2022/03/28/round-50047/stat.json,2022-03-28
613,https://stat.taucetistation.org/json/2022/03/28/round-50048/stat.json,2022-03-28
614,https://stat.taucetistation.org/json/2022/03/28/round-50049/stat.json,2022-03-28
615,https://stat.taucetistation.org/json/2022/03/28/round-50050/stat.json,2022-03-28
616,https://stat.taucetistation.org/json/2022/03/28/round-50051/stat.json,2022-03-28
617,https://stat.taucetistation.org/json/2022/03/28/round-50052/stat.json,2022-03-28
618,https://stat.taucetistation.org/json/2022/03/28/round-50053/stat.json,2022-03-28
619,https://stat.taucetistation.org/json/2022/03/28/round-50054/stat.json,2022-03-28
620,https://stat.taucetistation.org/json/2022/03/28/round-50055/stat.json,2022-03-28
621,https://stat.taucetistation.org/json/2022/03/28/round-50056/stat.json,2022-03-28
622,https://stat.taucetistation.org/json/2022/03/28/round-50057/stat.json,2022-03-28
623,https://stat.taucetistation.org/json/2022/03/29/round-50058/stat.json,2022-03-29
624,https://stat.taucetistation.org/json/2022/03/29/round-50059/stat.json,2022-03-29
625,https://stat.taucetistation.org/json/2022/03/29/round-50060/stat.json,2022-03-29
626,https://stat.taucetistation.org/json/2022/03/29/round-50061/stat.json,2022-03-29
627,https://stat.taucetistation.org/json/2022/03/29/round-50062/stat.json,2022-03-29
628,https://stat.taucetistation.org/json/2022/03/29/round-50063/stat.json,2022-03-29
629,https://stat.taucetistation.org/json/2022/03/29/round-50064/stat.json,2022-03-29
630,https://stat.taucetistation.org/json/2022/03/29/round-50065/stat.json,2022-03-29
631,https://stat.taucetistation.org/json/2022/03/29/round-50066/stat.json,2022-03-29
632,https://stat.taucetistation.org/json/2022/03/29/round-50067/stat.json,2022-03-29
633,https://stat.taucetistation.org/json/2022/03/29/round-50068/stat.json,2022-03-29
634,https://stat.taucetistation.org/json/2022/03/29/round-50069/stat.json,2022-03-29
635,https://stat.taucetistation.org/json/2022/03/30/round-50083/stat.json,2022-03-30
636,https://stat.taucetistation.org/json/2022/03/30/round-50084/stat.json,2022-03-30
637,https://stat.taucetistation.org/json/2022/03/30/round-50085/stat.json,2022-03-30
638,https://stat.taucetistation.org/json/2022/03/30/round-50086/stat.json,2022-03-30
639,https://stat.taucetistation.org/json/2022/03/30/round-50087/stat.json,2022-03-30
640,https://stat.taucetistation.org/json/2022/03/30/round-50088/stat.json,2022-03-30
641,https://stat.taucetistation.org/json/2022/03/30/round-50090/stat.json,2022-03-30
642,https://stat.taucetistation.org/json/2022/03/30/round-50091/stat.json,2022-03-30
643,https://stat.taucetistation.org/json/2022/03/30/round-50092/stat.json,2022-03-30
644,https://stat.taucetistation.org/json/2022/03/30/round-50093/stat.json,2022-03-30
645,https://stat.taucetistation.org/json/2022/03/30/round-50095/stat.json,2022-03-30
646,https://stat.taucetistation.org/json/2022/03/30/round-50096/stat.json,2022-03-30
647,https://stat.taucetistation.org/json/2022/03/30/round-50097/stat.json,2022-03-30
648,https://stat.taucetistation.org/json/2022/03/30/round-50098/stat.json,2022-03-30
649,https://stat.taucetistation.org/json/2022/03/30/round-50099/stat.json,2022-03-30
650,https://stat.taucetistation.org/json/2022/03/30/round-50100/stat.json,2022-03-30
651,https://stat.taucetistation.org/json/2022/03/30/round-50101/stat.json,2022-03-30
652,https://stat.taucetistation.org/json/2022/03/30/round-50102/stat.json,2022-03-30
653,https://stat.taucetistation.org/json/2022/03/30/round-50104/stat.json,2022-03-30
654,https://stat.taucetistation.org/json/2022/03/30/round-50105/stat.json,2022-03-30
655,https://stat.taucetistation.org/json/2022/03/30/round-50106/stat.json,2022-03-30
656,https://stat.taucetistation.org/json/2022/03/30/round-50107/stat.json,2022-03-30
657,https://stat.taucetistation.org/json/2022/03/31/round-50108/stat.json,2022-03-31
658,https://stat.taucetistation.org/json/2022/03/31/round-50109/stat.json,2022-03-31
659,https://stat.taucetistation.org/json/2022/03/31/round-50110/stat.json,2022-03-31
660,https://stat.taucetistation.org/json/2022/03/31/round-50112/stat.json,2022-03-31
661,https://stat.taucetistation.org/json/2022/03/31/round-50113/stat.json,2022-03-31
662,https://stat.taucetistation.org/json/2022/03/31/round-50114/stat.json,2022-03-31
663,https://stat.taucetistation.org/json/2022/03/31/round-50116/stat.json,2022-03-31
664,https://stat.taucetistation.org/json/2022/03/31/round-50117/stat.json,2022-03-31
665,https://stat.taucetistation.org/json/2022/03/31/round-50118/stat.json,2022-03-31
666,https://stat.taucetistation.org/json/2022/03/31/round-50119/stat.json,2022-03-31
667,https://stat.taucetistation.org/json/2022/03/31/round-50120/stat.json,2022-03-31
668,https://stat.taucetistation.org/json/2022/03/31/round-50121/stat.json,2022-03-31
669,https://stat.taucetistation.org/json/2022/03/31/round-50122/stat.json,2022-03-31
670,https://stat.taucetistation.org/json/2022/03/31/round-50123/stat.json,2022-03-31
671,https://stat.taucetistation.org/json/2022/03/31/round-50124/stat.json,2022-03-31
672,https://stat.taucetistation.org/json/2022/03/31/round-50125/stat.json,2022-03-31
673,https://stat.taucetistation.org/json/2022/03/31/round-50126/stat.json,2022-03-31
674,https://stat.taucetistation.org/json/2022/03/31/round-50127/stat.json,2022-03-31
675,https://stat.taucetistation.org/json/2022/03/31/round-50129/stat.json,2022-03-31
676,https://stat.taucetistation.org/json/2022/03/31/round-50130/stat.json,2022-03-31
677,https://stat.taucetistation.org/json/2022/03/31/round-50131/stat.json,2022-03-31
678,https://stat.taucetistation.org/json/2022/03/31/round-50132/stat.json,2022-03-31
679,https://stat.taucetistation.org/json/2022/03/31/round-50133/stat.json,2022-03-31
680,https://stat.taucetistation.org/json/2022/04/01/round-50137/stat.json,2022-04-01
681,https://stat.taucetistation.org/json/2022/04/01/round-50139/stat.json,2022-04-01
682,https://stat.taucetistation.org/json/2022/04/01/round-50140/stat.json,2022-04-01
683,https://stat.taucetistation.org/json/2022/04/01/round-50141/stat.json,2022-04-01
684,https://stat.taucetistation.org/json/2022/04/01/round-50143/stat.json,2022-04-01
685,https://stat.taucetistation.org/json/2022/04/01/round-50144/stat.json,2022-04-01
686,https://stat.taucetistation.org/json/2022/04/01/round-50145/stat.json,2022-04-01
687,https://stat.taucetistation.org/json/2022/04/01/round-50146/stat.json,2022-04-01
688,https://stat.taucetistation.org/json/2022/04/01/round-50147/stat.json,2022-04-01
689,https://stat.taucetistation.org/json/2022/04/01/round-50149/stat.json,2022-04-01
690,https://stat.taucetistation.org/json/2022/04/01/round-50150/stat.json,2022-04-01
691,https://stat.taucetistation.org/json/2022/04/01/round-50152/stat.json,2022-04-01
692,https://stat.taucetistation.org/json/2022/04/01/round-50153/stat.json,2022-04-01
693,https://stat.taucetistation.org/json/2022/04/01/round-50154/stat.json,2022-04-01
694,https://stat.taucetistation.org/json/2022/04/01/round-50155/stat.json,2022-04-01
695,https://stat.taucetistation.org/json/2022/04/01/round-50156/stat.json,2022-04-01
696,https://stat.taucetistation.org/json/2022/04/01/round-50157/stat.json,2022-04-01
697,https://stat.taucetistation.org/json/2022/04/01/round-50158/stat.json,2022-04-01
698,https://stat.taucetistation.org/json/2022/04/01/round-50159/stat.json,2022-04-01
699,https://stat.taucetistation.org/json/2022/04/01/round-50161/stat.json,2022-04-01
700,https://stat.taucetistation.org/json/2022/04/01/round-50162/stat.json,2022-04-01
701,https://stat.taucetistation.org/json/2022/04/01/round-50163/stat.json,2022-04-01
702,https://stat.taucetistation.org/json/2022/04/01/round-50165/stat.json,2022-04-01
